Sorting_Time,Predicted_Delivery_Time
5,15.714495988999712
10,21.98291253019291
15,25.64970114569114
